,title,page,price
0,불편한 편의점(15만부 기념 윈터 에디션),268,"14,000"
1,미드나잇 라이브러리(25만부 기념 퍼플 에디션),408,"15,800"
2,달러구트 꿈 백화점(100만부 기념 합본호: Gift Edition),552,"24,000"
3,달러구트 꿈 백화점,300,"13,800"
4,달러구트 꿈 백화점. 2,308,"13,800"
5,"오늘 밤, 세계에서 이 사랑이 사라진다 해도(20만 부 기념 리커버 에디션)",376,"14,000"
6,밝은 밤(별밤 에디션),344,"14,500"
7,옷소매 붉은 끝동. 1,480,"12,000"
8,인간 실격,192,"8,000"
9,완전한 행복,524,"15,800"
10,아몬드,263,"12,000"
11,크리스마스 피그,336,"20,000"
12,므레모사,204,"14,000"
13,작별하지 않는다,332,"14,000"
14,듄. 1(DUNE),940,"25,000"
15,날마다 만우절,316,"14,000"
16,지구 끝의 온실,392,"15,000"
17,허상의 어릿광대,552,"18,800"
18,눈으로 만든 사람,392,"14,800"
19,소마,384,"15,000"
20,작은 별이지만 빛나고 있어(10만 부 기념 한정판 에디션),274,"15,000"
21,햇빛은 찬란하고 인생은 귀하니까요: 밀라논나 이야기,316,"14,800"
22,계절 산문,184,"14,800"
23,나는 당신이 행복했으면 좋겠습니다,216,"13,800"
24,오늘은 이만 좀 쉴게요(10만 부 기념 스페셜 에디션),228,"14,000"
25,이제는 오해하면 그대로 둔다,292,"15,000"
26,우리는 조구만 존재야 (New Year 에디션),250,"13,500"
27,아무런 대가 없이 건네는 다정,336,"16,500"
28,"그냥, 그렇다고",220,"16,000"
29,잘했고 잘하고 있고 잘 될 것이다,292,"15,000"
30,상대적이며 절대적인 지식의 백과사전,752,"17,800"
31,우리의 인생이 겨울을 지날 때,316,"16,000"
32,별게 다 영감,388,"16,000"
33,한 게으른 시인의 이야기,192,"13,000"
34,인생은 실전이다,440,"18,500"
35,어린이라는 세계,260,"15,000"
36,우리는 약속도 없이 사랑을 하고,240,"16,000"
37,"안녕, 소중한 사람(15만부 기념 러브레터 에디션)",336,"15,000"
38,나는 나로 살기로 했다,288,"13,800"
39,도치의 요모조모 내 맘 탐구일지,360,"22,000"
40,불편한 편의점(15만부 기념 윈터 에디션),268,"14,000"
41,달러구트 꿈 백화점(100만부 기념 합본호: Gift Edition),552,"24,000"
42,달러구트 꿈 백화점,300,"13,800"
43,달러구트 꿈 백화점. 2,308,"13,800"
44,밝은 밤(별밤 에디션),344,"14,500"
45,옷소매 붉은 끝동. 1,480,"12,000"
46,완전한 행복,524,"15,800"
47,아몬드,263,"12,000"
48,므레모사,204,"14,000"
49,작별하지 않는다,332,"14,000"
50,날마다 만우절,316,"14,000"
51,지구 끝의 온실,392,"15,000"
52,눈으로 만든 사람,392,"14,800"
53,소마,384,"15,000"
54,방금 떠나온 세계,324,"15,000"
55,우리가 빛의 속도로 갈 수 없다면,330,"14,000"
56,구의 증명,180,"8,000"
57,종의 기원,384,"13,000"
58,모순,308,"13,000"
59,"시선으로부터,",340,"14,000"
60,미드나잇 라이브러리(25만부 기념 퍼플 에디션),408,"15,800"
61,"오늘 밤, 세계에서 이 사랑이 사라진다 해도(20만 부 기념 리커버 에디션)",376,"14,000"
62,인간 실격,192,"8,000"
63,크리스마스 피그,336,"20,000"
64,듄. 1(DUNE),940,"25,000"
65,허상의 어릿광대,552,"18,800"
66,소문,528,"16,500"
67,나미야 잡화점의 기적,456,"14,800"
68,요리코를 위해,424,"15,000"
69,라이온의 간식,312,"14,800"
70,봉제인형 살인사건,400,"15,000"
71,백조와 박쥐,568,"18,000"
72,네가 마지막으로 남긴 노래,368,"14,000"
73,데미안(리커버 한정판)(초판본)(1919년 오리지널 초판본 패브릭 에디션),248,"12,000"
74,데미안,240,"8,000"
75,노르웨이의 숲,572,"15,000"
76,벼랑 위의 집,592,"18,000"
77,귀멸의 칼날 행복의 꽃,218,"7,000"
78,멋진 신세계,400,"13,800"
79,참을 수 없는 존재의 가벼움,520,"15,000"
80,꽃을 보듯 너를 본다,184,"10,000"
81,마음챙김의 시,184,"13,000"
82,지금 알고 있는 걸 그때도 알았더라면,136,"9,000"
83,가장 예쁜 생각을 너에게 주고 싶다,248,"13,000"
84,너와 함께라면 인생도 여행이다,352,"13,500"
85,바다는 잘 있습니다,144,"9,000"
86,사랑하라 한번도 상처받지 않은 것처럼,158,"9,500"
87,풀꽃,184,"10,000"
88,끝까지 남겨두는 그 마음(교보단독 리커버 겨울 리미티드 에디션),232,"13,800"
89,서랍에 저녁을 넣어 두었다,165,"9,000"
90,나랑 하고 시픈게 뭐에여?,232,"10,000"
91,당신의 이름을 지어다가 며칠은 먹었다,143,"10,000"
92,우리가 함께 장마를 볼 수도 있겠습니다,115,"9,000"
93,어쩌면 별들이 너의 슬픔을 가져갈지도 몰라,280,"12,800"
94,입 속의 검은 잎,146,"9,000"
95,너에게 주고픈 아름다운 시,160,"11,000"
96,이 시대의 사랑,96,"9,000"
97,그런 사람 또 없습니다,232,"13,800"
98,오래 보아야 예쁘다 너도 그렇다,252,"13,000"
99,가지 말라는데 가고 싶은 길이 있다(나태주 스페셜 에디션),496,"25,000"
100,이상한 과자 가게 전천당. 12,180,"12,000"
101,달콩이네 떡집,76,"11,000"
102,흔한남매 별난 방탈출. 4,148,"12,800"
103,긴긴밤,144,"11,500"
104,정재승의 인간 탐구 보고서. 8: 불안이 온갖 미신을 만든다,152,"14,000"
105,네모아저씨의 페이퍼 블레이드. 4: 프런티어,152,"11,500"
106,어린이 한국사 퀴즈. 1,224,"12,000"
107,포켓몬스터 가라르 도감,90,"12,000"
108,사이언스 2022,352,"25,000"
109,위풍당당 여우 꼬리. 1: 으스스 미션 캠프,164,"12,000"
110,흔한남매 흔한 MBTI,160,"13,000"
111,세금 내는 아이들,194,"14,000"
112,SCP 재단: 확보하고 격리하고 보호하라,200,"12,000"
113,어린이 수수께끼,256,"12,000"
114,포켓몬스터 썬&문 포켓몬 전국대도감,123,"9,500"
115,읽으면서 바로 써먹는 어린이 신체 관용구,240,"12,000"
116,읽으면서 바로 써먹는 어린이 사자성어,224,"12,000"
117,수상한 방송실,204,"11,500"
118,양순이네 떡집,84,"11,000"
119,시간 고양이,244,"13,000"
120,어떻게 말해줘야 할까,400,"17,500"
121,4~7세보다 중요한 시기는 없습니다,328,"16,000"
122,EBS 당신의 문해력,296,"17,000"
123,아들의 뇌,320,"15,000"
124,아이가 공부에 빠져드는 순간,300,"16,000"
125,임신 출산 육아 대백과(2021~2022),406,"19,500"
126,세상에서 제일 재밌는 종이접기,252,"14,000"
127,못 참는 아이 욱하는 부모,344,"16,800"
128,창의력을 채우는 놀이 수학: 도형 편,130,"14,000"
129,수학 잘하는 아이는 이렇게 공부합니다,336,"16,800"
130,불안한 엄마 무관심한 아빠(리커버),402,"17,500"
131,아기 발달 백과,468,"18,500"
132,어린이를 위한 초등 매일 글쓰기의 힘: 생각글쓰기,136,"9,000"
133,삐뽀삐뽀 119 소아과,1120,"29,800"
134,영어 공부 잘하는 아이는 이렇게 공부합니다,492,"19,800"
135,초등 수학 로드맵,324,"17,000"
136,엄마 나는 자라고 있어요,476,"22,000"
137,초등 문해력을 키우는 엄마의 비밀. 1,368,"17,800"
138,우리 아이 감각운동 처방전,252,"16,000"
139,아이와의 관계는 아빠의 말투에서 시작됩니다,256,"15,000"
140,소크라테스 익스프레스,524,"18,000"
141,오십에 읽는 논어,300,"16,000"
142,이어령의 마지막 수업,320,"16,500"
143,우리는 지금 문학이 필요하다,696,"26,800"
144,아직 오지 않은 날들을 위하여,320,"16,000"
145,공정하다는 착각,420,"18,000"
146,어른의 문답법,344,"16,800"
147,나는 나답게 살기로 했다,212,"13,500"
148,최소한의 선의,256,"15,000"
149,공간의 미래,364,"16,000"
150,사피엔스,636,"22,000"
151,기분이 태도가 되지 않으려면,224,"13,500"
152,정의란 무엇인가,443,"15,000"
153,지적 대화를 위한 넓고 얕은 지식. 1,388,"16,000"
154,보이지 않는 것에 의미가 있다,232,"16,000"
155,질서 너머(특별 한정판 골드에디션),460,"17,800"
156,지적 대화를 위한 넓고 얕은 지식: 제로 편,556,"19,800"
157,인간으로 사는 일은 하나의 문제입니다,303,"16,800"
158,당신이 내 이름을 불러준 순간,328,"16,000"
159,미움받을 용기,336,"14,900"
160,그리움은 아무에게나 생기지 않습니다,300,"15,000"
161,"굿바이, 이재명",240,"15,000"
162,장면들,392,"18,500"
163,우주를 향해 로켓 펀치를 날려라,132,"12,000"
164,고립의 시대,492,"22,000"
165,인간 이재명,392,"16,500"
166,실격당한 자들을 위한 변론,324,"16,000"
167,지구를 위한다는 착각,664,"22,000"
168,"난세의 영웅, 허경영을 아십니까?",344,"20,000"
169,지리의 힘,368,"17,000"
170,요즘 애들,400,"18,000"
171,반기문 결단의 시간들,712,"28,800"
172,조국의 시간,376,"17,000"
173,선량한 차별주의자,244,"15,000"
174,군중심리,296,"12,000"
175,종말론적 환경주의,348,"20,000"
176,우리에겐 절망할 권리가 없다,320,"16,500"
177,사람이 싫다,288,"16,000"
178,한경무크 궁금한 중대재해처벌법,144,"18,000"
179,사이보그가 되다,368,"17,800"
180,트렌드 코리아 2022,452,"18,000"
181,NFT 레볼루션,324,"18,000"
182,부자 아빠 가난한 아빠. 1(20주년 특별 기념판),448,"15,800"
183,거인의 포트폴리오,404,"18,000"
184,그냥 하지 말라,284,"17,000"
185,NFT 사용설명서,364,"18,000"
186,딱 2년 안에 무조건 돈 버는 부동산 투자 시크릿,320,"17,500"
187,"돈, 뜨겁게 사랑하고 차갑게 다루어라",304,"12,000"
188,주식투자 절대원칙,310,"17,000"
189,돈의 속성(150쇄 기념 에디션),283,"16,800"
190,주식의 도,360,"18,800"
191,"개미 5년, 세후 55억",276,"17,000"
192,이코노미스트 2022 세계대전망,444,"22,000"
193,세계미래보고서 2022: 메타 사피엔스가 온다,384,"17,800"
194,나는 장사의 신이다,248,"16,800"
195,미스터 마켓 2022,356,"17,000"
196,메타버스 새로운 기회,356,"18,800"
197,돈의 심리학,396,"19,800"
198,투자는 디테일에 있다,424,"18,000"
199,부의 추월차선,392,"15,000"
200,백년허리. 2: 치료편,304,"18,500"
201,1일 1분 시력 운동,204,"14,000"
202,발과 발목에 문제가 생겼습니다,336,"17,000"
203,백년운동,484,"19,500"
204,백년허리. 1: 진단편,255,"18,500"
205,오늘부터 수승화강,204,"15,000"
206,피톨로지 피트니스 영양학,248,"15,000"
207,최강의 단식,404,"19,500"
208,백년 목,328,"17,500"
209,환자 혁명,344,"15,000"
210,인생을 바꾼 식사의 기적,256,"16,800"
211,비만백서,592,"24,000"
212,핏블리의 헬스 다이어트 전략집,184,"15,000"
213,강경원의 백 투 베이직,212,"19,500"
214,척추 관절 도침치료가 정답이다,320,"16,000"
215,1분만 누르면 통증이 낫는 기적의 지압법,160,"13,000"
216,병의 90%는 걷기만 해도 낫는다,208,"13,500"
217,최고의 당뇨 밥상,256,"16,000"
218,근력 운동의 과학,224,"19,900"
219,"마이뜨리, 생에 한 번쯤은 요가",200,"14,800"
220,이기적 유전자(40주년 기념판),632,"20,000"
221,코스모스,719,"18,500"
222,다정한 것이 살아남는다,396,"22,000"
223,미적분의 힘,544,"20,000"
224,수학은 우주로 흐른다,416,"18,000"
225,이토록 뜻밖의 뇌과학,243,"16,000"
226,물고기는 존재하지 않는다,300,"17,000"
227,퀀텀의 세계,336,"18,000"
228,"역사를 품은 수학, 수학을 품은 역사",248,"15,800"
229,엔드 오브 타임,532,"22,000"
230,일어날 일은 일어난다,344,"17,500"
231,떨림과 울림(10만부 기념 한정판 리커버),272,"15,000"
232,미적분의 쓸모,204,"18,500"
233,아내를 모자로 착각한 남자,396,"18,500"
234,김상욱의 양자 공부,308,"17,500"
235,위험한 과학책,412,"22,000"
236,지구의 짧은 역사,304,"18,000"
237,정재승의 과학 콘서트,388,"16,800"
238,나는 농담으로 과학을 말한다,432,"17,500"
239,수학의 쓸모,384,"22,000"
240,강성태 66일 영어회화,320,"17,000"
241,영어 필사 100일의 기적,232,"15,000"
242,해커스 OPIc 오픽 Advanced 공략,321,"15,900"
243,해커스 일본어 첫걸음: 기초20일 독학 완성!,332,"13,900"
244,영어 회화의 결정적 단어들,320,"15,000"
245,그래머 게이트웨이 베이직: 초보를 위한 기초 영문법(Grammar Gateway Basic),300,"14,900"
246,오픽노잼,257,"23,000"
247,EEA: English for Everyday Activities(한글판),96,"14,000"
248,해커스 OPIc 오픽 START Intermediate 공략,345,"15,900"
249,예의 바른 비즈니스 영어,320,"16,000"
250,왕초보 영어회화 10분의 기적: 기초패턴으로 말하기,237,"11,900"
251,기적의 말하기 영단어 1000,348,"9,000"
252,시원스쿨 기초 영어법,280,"15,000"
253,해커스 텝스 기출 보카(TEPS VOCA),568,"14,900"
254,보카바이블 4.0 세트,1110,"32,000"
255,쉬운 단어로 1분 영어 말하기,404,"14,000"
256,해커스 구문독해 100: 100개 필수구문으로 영어 직독직해,320,"16,900"
257,세진 쌤의 바로 영어,190,"13,500"
258,오픽노잼 투,260,"25,000"
259,나도 이제 영어로 읽는다: 어린 왕자,376,"17,900"
260,방구석 미술관(30만 부 기념 ‘겨울 미술관’ 에디션),344,"16,800"
261,"우연히, 웨스 앤더슨",368,"29,000"
262,잘 그리기 금지,224,"16,500"
263,김락희의 인체 드로잉,392,"35,000"
264,방구석 미술관. 2: 한국(30만 부 기념 ‘겨울 미술관’ 에디션),424,"18,500"
265,사계절 컬러링북,160,"14,000"
266,컬러의 일,320,"24,800"
267,포인트 캐릭터 드로잉 세트,436,"28,000"
268,디자인 너머,344,"30,000"
269,손그림 메이커,312,"25,000"
270,가가미 다카히로가 알려주는 손 그리는 법,144,"22,000"
271,기묘한 미술관,296,"17,800"
272,요시다 세이지 작품집&원근법 테크닉,164,"18,000"
273,오늘부터 차근차근 아이패드 드로잉,408,"22,000"
274,아이비스타일,224,"18,000"
275,"디자인, 이렇게 하면 되나요?",220,"19,800"
276,다크소울 3 디자인웍스,336,"42,000"
277,시크릿 캐릭터 드로잉,732,"14,000"
278,친절한 빛과 색,208,"20,000"
279,만화 캐릭터 데생 입문,224,"18,000"
280,김대리의 쉽게 뜨는 요즘 니트,224,"19,800"
281,어른을 위한 두뇌 놀이 책,112,"9,900"
282,스테픈 커리,176,"17,500"
283,니팅테이블의 대바늘 손뜨개 레슨,176,"18,000"
284,스프링북 스도쿠. 1(초급 중급),192,"7,500"
285,내 강아지 마음 상담소,320,"14,800"
286,THE KINFOLK GARDEN(킨포크 가든),352,"33,000"
287,식물 상담,252,"18,000"
288,소워니놀이터의 띠부띠부 가게놀이,206,"20,000"
289,인테리어 디자인과 스타일링의 기본,300,"18,000"
290,집수리 닥터 강쌤의 셀프 집수리,272,"22,000"
291,니트로 스타일링하는 사계절 인형옷,228,"20,000"
292,골프 초보자가 가장 알고 싶은 최다질문 TOP 63,320,"19,000"
293,가장 친절한 타로 웨이트 카드 세트,224,"33,000"
294,플레이스테이션 퍼펙트 카탈로그(상),236,"28,000"
295,마음이 단단해지는 살림,232,"15,000"
296,더 챔피언(The Champion)(2021-2022): 유럽축구 가이드북,336,"29,000"
297,선물하기 좋은 손뜨개 양말,194,"16,800"
298,스프링북 스도쿠. 2(고급 고수),192,"7,500"
299,스도쿠. 1(초급/중급),208,"7,000"
300,해커스 토익 기출 보카 TOEIC VOCA,566,"12,900"
301,박혜원 파워토익 VOCA 보카,360,"12,800"
302,해커스 토익 RC 리딩(Reading),800,"18,800"
303,해커스 토익 LC 리스닝(Listening),626,"18,800"
304,해커스 토익 스타트 리딩(Reading) RC,580,"14,900"
305,ETS 토익 기출 VOCA 출제기관 공식수험서,512,"12,900"
306,해커스 토익 스타트 리스닝(Listening) LC,572,"14,900"
307,토익 단기공략 750+(LC+RC),288,"18,000"
308,해커스 보카(Hackers Vocabulary),366,"16,900"
309,20일 만에 끝내는 해커스 토익 750+ RC(리딩),476,"14,900"
310,한 권으로 끝내는 해커스 토익 700+ (LC+RC+VOCA),604,"19,800"
311,해커스 토익 왕기초 RC Reading 리딩,380,"13,900"
312,해커스 토플 리딩(Hackers TOEFL Reading),544,"23,900"
313,20일 만에 끝내는 해커스 토익 750+ LC(리스닝),360,"14,900"
314,영단기 토익 기출 보카,560,"5,900"
315,해커스 토플 리딩 인터미디엇(Hackers TOEFL Reading Intermediate),354,"21,900"
316,해커스 첫토익 LC+RC+VOCA,288,"14,900"
317,해커스 토익스피킹(토스) Lv. 7·8,388,"18,900"
318,영단기 토익 기본서 RC(한정판),720,"5,900"
319,해커스 토익 왕기초 LC Listening 리스닝,308,"13,900"
320,눈아이,96,"15,000"
321,연이와 버들 도령,88,"18,000"
322,알사탕,48,"12,000"
323,숲속 100층짜리 집,32,"13,000"
324,나는 약속을 지켜요,64,"15,000"
325,장수탕 선녀님,44,"11,000"
326,디즈니 엔칸토 마법의 세계 무비동화,72,"9,500"
327,바다 탐험대 옥토넛 스토리가 있는 동물 사전,64,"10,000"
328,오싹오싹 팬티!,48,"13,000"
329,바다 탐험대 옥토넛: 깊고 넓은 신비한 바다 여행,46,"13,500"
330,나는 강물처럼 말해요,52,"13,000"
331,친구의 전설,72,"14,000"
332,이상한 엄마,40,"12,000"
333,건전지 아빠,40,"13,000"
334,오싹오싹 당근,40,"12,000"
335,42가지 마음의 색깔,92,"14,000"
336,슈퍼 히어로의 똥 닦는 법,48,"12,000"
337,바다 100층짜리 집,32,"11,000"
338,구름빵,36,"13,000"
339,한 권으로 끝내는 종이접기,252,"12,800"
340,리딩지저스. 1: 더 큰 은혜로 인도하시는 하나님,264,"13,000"
341,하나님의 인도하심을 구하라,296,"15,000"
342,신부 이태석,264,"16,800"
343,우리는 다 이겼습니다,400,"15,000"
344,깨어진 그릇,216,"12,000"
345,성경 에센스,288,"15,000"
346,5가지 사랑의 언어,256,"11,000"
347,페이지 처치. 2: 쓰러진 김에 엎드려 하나님을 만났다,240,"13,000"
348,따라 하는 기도,272,"15,000"
349,"팀 켈러, 결혼을 말하다",352,"15,000"
350,김형석 교수의 예수를 믿는다는 것,288,"15,000"
351,스룹바벨 성전과 귀환자들의 성별된 족보,528,"20,000"
352,매일 기도,365,"18,000"
353,하나님의 때,284,"15,000"
354,스님의 주례사,280,"13,800"
355,깨어있음,462,"22,000"
356,목적이 이끄는 삶,430,"13,000"
357,스크루테이프의 편지,208,"11,000"
358,"안심하라, 하나님의 타이밍은 완벽하다",216,"12,500"
359,감사,252,"14,000"
360,흔한남매. 9,192,"13,500"
361,마법천자문. 52: 불러 모아라! 모을 모,168,"12,000"
362,설민석의 한국사 대모험. 19,204,"12,000"
363,흔한남매 겨울밤 대소동,80,"17,000"
364,흔한남매 과학탐험대. 3: 인체,212,"12,800"
365,설민석의 세계사 대모험. 11,184,"12,000"
366,그리스 로마 신화. 26: 아킬레우스와 헥토르의 운명을 건 대결,196,"14,000"
367,에그박사. 5,156,"13,500"
368,Go Go 카카오프렌즈. 22: 페루,176,"12,000"
369,흔한남매 불꽃 튀는 우리말. 4,172,"13,000"
370,놓지 마 과학!. 16: 으스스 숲 캠핑장의 검은 그림자,216,"12,000"
371,웃소. 2,152,"12,800"
372,흔한남매의 흔한 호기심. 4,164,"13,000"
373,급식왕GO. 5,160,"12,000"
374,설민석의 삼국지 대모험. 5: 귀신과의 전쟁,148,"11,000"
375,신비아파트 고스트볼Z 어둠의 퇴마사 . 2,176,"11,000"
376,쿠키런 킹덤. 4: 순례자의 길 상편,168,"13,000"
377,밍꼬발랄 공소시효. 8,184,"12,000"
378,쿠키런 서바이벌 대작전. 40: 해저도시 슈가티어 편,164,"10,500"
379,말이야와 친구들. 3,164,"12,500"
380,백종원이 추천하는 집밥 메뉴(애장판),576,"32,000"
381,김밀란 파스타,248,"18,000"
382,집에서 외식,256,"22,000"
383,삐뽀삐뽀 119 이유식,376,"18,900"
384,더 솥밥,264,"18,500"
385,2만원으로 일주일 집밥 만들기,284,"16,800"
386,튼이 이유식,448,"22,000"
387,메종드율의 맛있는 집밥 이야기,344,"20,000"
388,1시간에 만드는 일주일 반찬,336,"16,000"
389,와인 폴리(매그넘 에디션),320,"30,000"
390,14데이의 특별한 마카롱 수업,216,"18,000"
391,후다닥 쌤의 후다닥 간편 요리,248,"16,000"
392,샐러드에 반하다,184,"14,000"
393,한 번 알아두면 평생 써먹는 집밥 수업,272,"18,500"
394,와인은 어렵지 않아(증보 개정판),280,"29,000"
395,디디미니의 초간단 인생맛 고단백 저탄수화물 다이어트 레시피,264,"18,500"
396,와인 바이블(2022 Edition),484,"45,000"
397,만원으로 일주일 반찬 만들기,256,"14,400"
398,아이주도 이유식 유아식 매뉴얼 세트,484,"23,500"
399,하루 한 끼 면역 밥상,200,"16,000"
400,거꾸로 읽는 세계사,404,"17,500"
401,이순신의 바다,405,"22,000"
402,총 균 쇠,751,"28,000"
403,메트로폴리스(특별한정판),668,"18,000"
404,조선 레지스탕스의 두 얼굴,300,"18,000"
405,30개 도시로 읽는 일본사,408,"17,500"
406,나의 한국현대사 1959-2020,432,"19,000"
407,세계사 최대한 쉽게 설명해 드립니다,350,"13,800"
408,설민석의 조선왕조실록,504,"22,000"
409,썬킴의 거침없는 세계사,272,"16,500"
410,폭격기의 달이 뜨면,752,"30,000"
411,처음 읽는 음식의 세계사,236,"16,000"
412,최초의 역사 수메르,544,"33,000"
413,음식을 공부합니다,272,"16,000"
414,세계사를 바꾼 10가지 감염병,360,"17,500"
415,소비의 역사,496,"28,000"
416,최태성의 만화 한국사. 1: 전근대편,316,"16,000"
417,우아한 루저의 나라,320,"22,000"
418,처음 읽는 술의 세계사,248,"16,000"
419,태종처럼 승부하라,580,"22,000"
420,웰씽킹(Wealthinking),316,"16,000"
421,오은영의 화해,320,"16,000"
422,하루를 48시간으로 사는 마법,288,"15,000"
423,홀로서기 연습,288,"15,000"
424,데일 카네기 자기관리론(1948년 초판 완역본),424,"11,500"
425,서울 자가에 대기업 다니는 김 부장 이야기. 3: 송 과장 편,368,"15,000"
426,데일 카네기 인간관계론,352,"11,500"
427,인생의 변화는 말투에서 시작된다,256,"15,800"
428,내 영혼을 다독이는 관계 심리학,240,"15,800"
429,럭키,280,"16,000"
430,스타트 위드 와이(Start With Why),360,"17,800"
431,인생의 답은 내 안에 있다,256,"15,800"
432,기분이 태도가 되지 않게,196,"14,000"
433,시크릿,232,"13,800"
434,타이탄의 도구들(리커버 에디션),367,"15,000"
435,생각하라 그리고 부자가 되어라(교보 단독 스페셜 리커버),392,"18,000"
436,오늘의 법칙,496,"21,000"
437,굿 멘토(Good Mentor),268,"15,000"
438,파리에서 도시락을 파는 여자,320,"16,000"
439,아주 작은 습관의 힘,360,"16,000"
440,하루쯤 나 혼자 어디라도 가야겠다,272,"15,800"
441,리얼 국내여행(2021~2022년),428,"18,000"
442,백반기행,352,"17,000"
443,유럽 열 개의 길,368,"18,500"
444,백반기행. 2,368,"17,000"
445,미쉐린 가이드 서울(2022),256,"22,000"
446,리얼 제주(2021~2022년),352,"17,000"
447,제 마음대로 살아보겠습니다,288,"14,200"
448,에이든 국내여행 가이드북,1,"18,700"
449,자동차 주말여행 코스북(2020),528,"18,500"
450,서울의 맛집(2022),416,"18,000"
451,카레부부의 주말여행 버킷리스트,388,"16,500"
452,대한민국 베스트셀러 여행지 + 전국 맛집 318,664,"22,000"
453,전국일주 가이드북,560,"18,800"
454,만약 우리의 언어가 위스키라고 한다면,136,"13,000"
455,에이든 제주여행 가이드북,426,"17,500"
456,특별하게 제주(2021~2022),512,"18,000"
457,끌림,218,"15,000"
458,대한민국 요즘 여행(2021~2022),568,"18,800"
459,대한민국 트레킹 가이드,596,"22,000"
460,비전공자를 위한 이해할 수 있는 IT 지식,240,"16,800"
461,혼자 공부하는 파이썬,460,"18,000"
462,Do it! 점프 투 파이썬,360,"18,800"
463,회사에서 바로 통하는 실무 엑셀+파워포인트+워드&한글,684,"22,000"
464,빅데이터 커리어 가이드북,400,"20,000"
465,Clean Code(클린 코드),584,"33,000"
466,혼자 공부하는 머신러닝+딥러닝,580,"26,000"
467,Do it! HTML+CSS+자바스크립트 웹 표준의 정석,648,"30,000"
468,데이터 중심 애플리케이션 설계,608,"36,000"
469,침묵의 봄,398,"18,000"
470,한 권으로 읽는 컴퓨터 구조와 프로그래밍,636,"35,000"
471,직장인을 위한 실무 엑셀,492,"21,000"
472,이것이 취업을 위한 코딩 테스트다 with 파이썬,604,"34,000"
473,유튜브 영상 편집을 위한 프리미어 프로,452,"23,000"
474,모던 자바스크립트 Deep Dive,956,"45,000"
475,된다! 네이버 블로그&포스트,336,"16,000"
476,된다! 7일 실무 엑셀,440,"20,000"
477,포토샵&일러스트레이터 CC 2021,532,"22,000"
478,밑바닥부터 시작하는 딥러닝,312,"24,000"
479,카카오톡 이모티콘 만들기,336,"16,000"
480,어느 날 공주가 되어버렸다. 6,284,"14,000"
481,나의 히어로 아카데미아. 32,216,"5,000"
482,귀멸의 칼날 외전(단),216,"6,000"
483,원피스. 100: 패왕색,210,"5,500"
484,하루만 네가 되고 싶어. 3,300,"15,000"
485,blanc #2,214,"6,000"
486,체인소 맨. 9,192,"5,000"
487,도쿄 리벤저스. 17,192,"5,000"
488,그녀가 공작저로 가야 했던 사정. 7(만화)(일반판),284,"14,000"
489,주술회전. 17: 갈대를 입에 물다,202,"5,000"
490,귀멸의 칼날. 23(완결),232,"5,000"
491,주술회전 팬북,232,"10,000"
492,열혈강호. 84,188,"4,500"
493,귀멸의 칼날 공식팬북,216,"9,500"
494,지박소년 하나코 군. 11,178,"6,000"
495,김전일 37세의 사건부. 10,176,"5,500"
