가가,31
가로세로,31
가사,30
가수,94
가을,34
가제,16
가족,16
각자,15
감독,161
감동,17
감상,16
감성,20
강강술래,24
개막,16
개선,16
개최,113
개표,31
거나,65
거리,37
건강,16
건물,34
검찰,21
게임,68
겨냥,31
결과,46
경기,22
경연,72
경우,19
경쟁,24
계속,20
고무,37
곡,184
골목,16
공간,102
공감,16
공개,102
공사,16
공연,946
공연장,18
과학,34
관객,143
관계,16
관광,24
관장,18
광고,28
광화문,64
교사,34
교수,71
교실,16
교육,45
구성,16
국기,31
국내,15
국민,76
국악,73
국제,36
굿,15
그대로,16
그룹,98
그림자,16
글로벌,20
글판,41
금지,17
기록,20
기술,117
기억,46
기업,62
기행,34
김연경,52
꽃,16
꿈,20
나,16
나라,16
나무,44
난쟁이,28
날,120
남자,24
내년,17
년,38
년월,24
노래,789
노트르담,17
높이,34
뇌,51
누구,27
눈,56
눈맞춤,31
늘봄,24
다년,256
다른,32
다문화,15
다시,19
단,17
단체,18
단층,31
달,18
달라,28
당국,16
대결,32
대구,137
대면,48
대상,61
대선,39
대신,20
대중,35
대통령,53
대표,170
대한,50
대한민국,18
대회,81
댄서,191
댄스,285
더,21
도록,37
도서관,27
도시,57
도쿄,19
도쿄올림픽,21
돈,16
동료,31
동아리,20
동작,148
두번째,16
뒤,20
드라마,43
등,63
등자,34
등장,45
딱정벌레류,31
때,56
때문,16
또,22
또한,16
라그,28
라스트,32
레넌,16
로봇,90
로서,16
로선,31
리더,15
리사,28
린지,75
마감,34
마당,47
마리,28
마스크,77
마을,15
마음,162
마지막,46
마치,21
막춤,19
만원,20
말,77
맞춤,37
매력,28
매화,20
머리,16
먼저,2
메타,112
멤버,15
면서,16
명의,16
모두,16
모든,35
모습,213
모친상,24
목포,23
몰입,31
몸,247
몸짓,17
무대,632
무용,483
무용가,16
무용단,52
무용수,59
문제,29
문화,447
문화재단,27
뮤지컬,214
뮤직비디오,33
미국,154
미디어,34
미디어아트,31
미래,50
미션,176
미술,21
민요,20
바닥,34
바람,24
바이트,106
박태식,27
박혜진,27
반복,65
반시,17
반응,37
발견,38
발레,193
발레단,37
발매,17
발인,18
발표,56
발행,27
밤,43
방송,49
방탄소년단,180
방향,41
배,16
배경,27
배우,82
백운산,20
백조,31
밴드,87
버스,132
버터,109
법원,17
변신,34
별세,57
병원,40
보고,42
본능,31
부,16
부고,15
부부,16
부산,158
분위기,44
분자,19
브레이크댄스,15
브루잉,16
블랙,32
비,16
빌보드,61
사건,31
사라,27
사람,367
사랑,126
사마귀,34
사슴벌레,31
사실,20
사업,39
사위,25
사자춤,20
사진,85
사회,58
산업,20
삶,72
삼성,21
상장,23
상황,20
새퍼,28
색소폰,16
생각,69
생활,24
서울,222
서울대,28
선수,39
선율,16
성공회대,27
성명,34
세계,280
세대,53
세상,82
센터,93
소리,151
소설,19
소식,34
소통,15
손,74
손혜영,16
솔로,28
솔루션,37
쇼,16
순간,24
스우파,655
스타,54
스타트업,16
스테이지,15
스트릿,85
스트릿댄스,16
스포츠,19
슬로건,31
시,105
시간,200
시대,57
시모,21
시민,42
시작,241
시장,16
시즌,15
시티,34
신곡,61
신여,15
실제,20
아그라,31
아래,20
아미,30
아바타,40
아이,92
아이돌,76
아트,94
아티스트,20
안무,197
안무가,38
안중근,22
알,22
알리바바,19
애교,31
앰비규,56
약령시,16
어깨,24
어깨춤,16
어린이,16
어스,74
에르난데스,31
에이,87
에투,17
엠넷,34
여러,20
여성,142
여자,52
여자배구,15
여행,16
역,22
역사,23
역시,18
연구,35
연극,35
연기,141
연설,16
연습,50
연주,105
연출,24
열정,16
열풍,16
영상,486
영업,17
영화,103
예능,58
예술,503
예술가,16
예정,16
오늘,63
오를란도,31
오바마,27
오징어,20
오페라,24
오후,74
온,22
온라인,131
올림픽,49
올해,70
옷,16
완성,18
요즘,15
우리,271
우먼,71
우울증,19
운,16
운동,30
운세,20
운전,31
웅장,16
원주,23
월,16
월간,54
위드,35
위로,32
위해,81
유로,31
유의,15
유튜브,108
유현,24
윤석열,18
은별,31
을사,31
음식점,17
음악,742
음원,16
의미,20
의상,15
이름,32
이미지,15
이번,90
이상,63
이애주,20
이야기,121
이유,24
이제니,27
이해,31
이후,17
인간,73
인공,31
인기,122
인생,20
인식,17
일,75
일반인,17
일본,18
일부,44
일상,56
일수,35
일오,36
일파,31
자동,31
자신,77
자정,15
작가,54
작품,280
장르,93
장면,18
장수풍뎅이,31
저격,37
적,16
전,16
전국,27
전세계,18
전시,18
전자,24
전쟁,15
전정,15
전통,94
전통춤,73
정부,15
정소현,24
정치,16
제공,45
제작,96
제주,16
제회,39
조선,21
조은경,21
존재,16
종목,19
종합,16
주가,37
주간,27
주인공,35
주자,16
주제,66
준비,30
중국,141
중독,16
중심,32
지금,52
지난,133
지난해,54
지역,76
지자,31
지지도,31
직접,20
직진,31
진작,31
진행,136
질병,18
차트,17
참여,125
창간,20
창립,31
창작,86
채,18
척수,40
천국,17
첫,16
청년,39
청소년,130
체험,26
초,23
최강,31
최고,34
최근,38
최초,24
추기,46
추석,44
추어,16
추억,16
축제,348
춘천,16
출연,61
춤,244
춤등,21
춤판,23
치산,31
친구,36
카스트,20
칸토,15
칼럼,22
칼춤,28
캘리포니아,27
캠핑,16
컴퍼니,111
코로나,383
콘서트,77
콘텐츠,99
콜롬비아,18
크루,44
크리스마스,22
클래식,39
클럽,34
태국,52
탱고,53
통제,31
통해,75
퇴진,34
트위터,65
특집,24
틱톡,151
팀,183
팀매디건,21
파이터,80
파킨슨병,23
파티,24
파퍼,31
팝,98
팝핀,31
팝핑,31
팬,40
퍼포먼스,53
페스티벌,31
편,59
평가,16
폴댄스,19
표현,101
품바,20
프랑스,38
프로,31
프로그램,128
프로젝트,20
플랫폼,37
피아졸라,20
피플,20
핑크,32
하락,35
학교,55
학생,72
한가위,20
한국,556
한류,16
한복,15
할머니,18
함성,16
합,28
핫,15
항상,17
해,144
해후,31
핸들링,31
행사,131
허락,57
현,18
현대,235
현대문학,30
현지,16
혜영,31
홍대,24
홍보,28
화가,25
화제,15
환갑잔치,15
활동,61
활용,56
회관,16
회복,20
회사,35
후보,39
후시,51
후안,31
흙,38
